first_name,last_name,email,gender,department,job title,country,city
Marigold,Sealey,msealey0@techcrunch.com,Female,Marketing,Analog Circuit Design manager,China,Damaying
Lanita,Yves,lyves1@hugedomains.com,Female,Support,Web Designer II,Japan,Hirakata
Donny,Mannakee,dmannakee2@psu.edu,Female,Human Resources,Health Coach II,Armenia,Sevan
Dodi,Flecknell,dflecknell3@vkontakte.ru,Female,Product Management,Senior Editor,Norway,Drammen
Marci,Clink,mclink4@netscape.com,Female,Human Resources,Nuclear Power Engineer,Russia,Nytva
Harv,Cowitz,hcowitz5@mozilla.org,Male,Services,Account Coordinator,Uganda,Entebbe
Fonz,Timmermann,ftimmermann6@nba.com,Male,Legal,Geological Engineer,Russia,Cherkasskoye
Hastie,Loughton,hloughton7@drupal.org,Male,Product Management,Recruiting Manager,China,Jinzhuang
Deck,Gooday,dgooday8@xing.com,Male,Legal,Speech Pathologist,Egypt,Isnā
Venita,Kissock,vkissock9@discovery.com,Female,Services,Account Representative IV,Portugal,Foros de Salvaterra
Leonid,Farryan,lfarryana@meetup.com,Male,Accounting,Research Nurse,Russia,Lyalichi
Mirabella,Lambart,mlambartb@artisteer.com,Female,Support,Systems Administrator III,Honduras,Marale
Farlee,Oldknowe,foldknowec@imageshack.us,Male,Sales,Help Desk Technician,Egypt,Dishnā
Blayne,Browse,bbrowsed@infoseek.co.jp,Male,Legal,Senior Developer,Nigeria,Gusau
Jaymee,Dimblebee,jdimblebeee@arstechnica.com,Female,Legal,Engineer IV,Portugal,Ortiga
Greta,Plackstone,gplackstonef@economist.com,Female,Accounting,Computer Systems Analyst IV,China,Kanshi
Thomasin,de Banke,tdebankeg@engadget.com,Female,Product Management,Safety Technician I,Finland,Varkaus
Julian,Jertz,jjertzh@google.it,Male,Support,Design Engineer,Indonesia,Nobo
Donelle,Gregol,dgregoli@barnesandnoble.com,Female,Human Resources,Programmer I,Portugal,Pedrogão
Elie,Farish,efarishj@chron.com,Female,Human Resources,Compensation Analyst,China,Changfeng
